Student_ID,Age,Gender,Academic_Level,Country,Avg_Daily_Usage_Hours,Most_Used_Platform,Affects_Academic_Performance,Sleep_Hours_Per_Night,Mental_Health_Score,Relationship_Status,Conflicts_Over_Social_Media,Addicted_Score,Addicted_Label
1,19,Female,Undergraduate,Bangladesh,5.2,Instagram,Yes,6.5,6,In Relationship,3,8,Yes
2,22,Male,Graduate,India,2.1,Twitter,No,7.5,8,Single,0,3,No
3,20,Female,Undergraduate,USA,6.0,TikTok,Yes,5.0,5,Complicated,4,9,Yes
4,18,Male,High School,UK,3.0,YouTube,No,7.0,7,Single,1,4,No
5,21,Male,Graduate,Canada,4.5,Facebook,Yes,6.0,6,In Relationship,2,7,Yes
6,19,Female,Undergraduate,Australia,7.2,Instagram,Yes,4.5,4,Complicated,5,9,Yes
7,23,Male,Graduate,Germany,1.5,LinkedIn,No,8.0,9,Single,0,2,No
8,20,Female,Undergraduate,Brazil,5.8,Snapchat,Yes,6.0,6,In Relationship,2,8,Yes
9,18,Male,High School,Japan,4.0,TikTok,No,6.5,7,Single,1,5,No
10,21,Female,Graduate,South Korea,3.3,Instagram,No,7.0,7,In Relationship,1,4,No
11,19,Male,Undergraduate,France,4.8,Snapchat,Yes,6.2,5,Complicated,3,7,Yes
12,20,Female,Undergraduate,Spain,5.5,TikTok,Yes,5.8,6,In Relationship,2,8,Yes
13,22,Male,Graduate,Italy,2.8,LinkedIn,No,7.2,8,Single,1,4,No
14,18,Female,High School,Mexico,6.5,Instagram,Yes,5.5,5,Single,4,9,Yes
15,21,Male,Undergraduate,Russia,3.7,YouTube,No,6.8,7,In Relationship,2,5,No
16,20,Female,Undergraduate,China,4.2,TikTok,Yes,6.0,6,Complicated,3,7,Yes
17,24,Male,Graduate,Sweden,2.0,LinkedIn,No,7.8,8,Single,0,3,No
18,19,Female,High School,Norway,5.0,Instagram,Yes,5.7,5,In Relationship,3,8,Yes
19,21,Male,Undergraduate,Denmark,3.5,Facebook,No,6.7,7,Single,1,5,No
20,20,Female,Undergraduate,Netherlands,4.7,Snapchat,Yes,5.9,6,Complicated,3,7,Yes
21,18,Male,High School,Belgium,5.3,TikTok,Yes,5.5,5,Single,4,8,Yes
22,23,Female,Graduate,Switzerland,2.5,LinkedIn,No,7.3,8,In Relationship,1,4,No
23,19,Male,Undergraduate,Austria,4.9,Instagram,Yes,5.8,6,Complicated,3,7,Yes
24,20,Female,Undergraduate,Portugal,5.7,TikTok,Yes,5.4,5,Single,4,8,Yes
25,22,Male,Graduate,Greece,3.2,Facebook,No,6.9,7,In Relationship,2,5,No
26,19,Female,High School,Ireland,6.1,Instagram,Yes,5.2,5,Complicated,4,9,Yes
27,21,Male,Undergraduate,New Zealand,3.8,YouTube,No,6.6,7,Single,1,5,No
28,20,Female,Undergraduate,Singapore,4.4,TikTok,Yes,5.9,6,In Relationship,3,7,Yes
29,24,Male,Graduate,Malaysia,2.2,LinkedIn,No,7.4,8,Single,0,3,No
30,19,Female,High School,Thailand,5.9,Instagram,Yes,5.3,5,Complicated,4,8,Yes
31,21,Male,Undergraduate,Vietnam,3.6,Facebook,No,6.7,7,Single,1,5,No
32,20,Female,Undergraduate,Philippines,4.8,Snapchat,Yes,5.7,6,In Relationship,3,7,Yes
33,18,Male,High School,Indonesia,5.4,TikTok,Yes,5.4,5,Complicated,4,8,Yes
34,23,Female,Graduate,Taiwan,2.6,LinkedIn,No,7.2,8,Single,1,4,No
35,19,Male,Undergraduate,Hong Kong,4.7,Instagram,Yes,5.8,6,In Relationship,3,7,Yes
36,20,Female,Undergraduate,Turkey,5.6,TikTok,Yes,5.5,5,Complicated,4,8,Yes
37,22,Male,Graduate,Israel,3.1,Facebook,No,6.8,7,Single,1,5,No
38,19,Female,High School,UAE,6.2,Instagram,Yes,5.1,5,In Relationship,4,9,Yes
39,21,Male,Undergraduate,Egypt,3.9,YouTube,No,6.5,7,Complicated,2,6,Yes
40,20,Female,Undergraduate,Morocco,4.5,TikTok,Yes,5.8,6,Single,3,7,Yes
41,24,Male,Graduate,South Africa,2.3,LinkedIn,No,7.3,8,In Relationship,1,4,No
42,19,Female,High School,Nigeria,5.8,Instagram,Yes,5.4,5,Complicated,4,8,Yes
43,21,Male,Undergraduate,Kenya,3.7,Facebook,No,6.6,7,Single,2,5,No
44,20,Female,Undergraduate,Ghana,4.6,Snapchat,Yes,5.7,6,In Relationship,3,7,Yes
45,18,Male,High School,Argentina,5.5,TikTok,Yes,5.3,5,Single,4,8,Yes
46,23,Female,Graduate,Chile,2.7,LinkedIn,No,7.1,8,Complicated,1,4,No
47,19,Male,Undergraduate,Colombia,4.8,Instagram,Yes,5.9,6,In Relationship,3,7,Yes
48,20,Female,Undergraduate,Peru,5.5,TikTok,Yes,5.6,5,Single,4,8,Yes
49,22,Male,Graduate,Venezuela,3.3,Facebook,No,6.7,7,In Relationship,2,5,No
50,19,Female,High School,Ecuador,6.3,Instagram,Yes,5.2,5,Complicated,4,9,Yes
51,21,Male,Undergraduate,Uruguay,3.8,YouTube,No,6.4,7,Single,2,6,Yes
52,20,Female,Undergraduate,Paraguay,4.7,TikTok,Yes,5.8,6,In Relationship,3,7,Yes
53,24,Male,Graduate,Bolivia,2.4,LinkedIn,No,7.2,8,Complicated,1,4,No
54,19,Female,High School,Costa Rica,5.7,Instagram,Yes,5.5,5,Single,4,8,Yes
55,21,Male,Undergraduate,Panama,3.6,Facebook,No,6.5,7,In Relationship,2,5,No
56,20,Female,Undergraduate,Jamaica,4.9,Snapchat,Yes,5.6,6,Complicated,3,7,Yes
57,18,Male,High School,Trinidad,5.6,TikTok,Yes,5.2,5,Single,4,8,Yes
58,23,Female,Graduate,Bahamas,2.8,LinkedIn,No,7.0,8,In Relationship,1,4,No
59,19,Male,Undergraduate,Iceland,4.6,Instagram,Yes,5.9,6,Complicated,3,7,Yes
60,20,Female,Undergraduate,Finland,5.4,TikTok,Yes,5.7,5,Single,4,8,Yes
61,22,Male,Graduate,Poland,3.1,Facebook,No,7.1,7,Single,1,5,No
62,19,Female,Undergraduate,Romania,5.6,Instagram,Yes,5.6,5,In Relationship,3,8,Yes
63,20,Male,Undergraduate,Hungary,4.2,TikTok,Yes,6.0,6,Complicated,3,7,Yes
64,18,Female,High School,Czech Republic,6.1,Snapchat,Yes,5.2,4,Single,4,9,Yes
65,23,Male,Graduate,Slovakia,2.3,LinkedIn,No,7.4,8,In Relationship,1,3,No
66,21,Female,Undergraduate,Croatia,4.8,Instagram,Yes,5.8,6,Single,3,7,Yes
67,20,Male,Undergraduate,Serbia,3.9,YouTube,No,6.5,7,Complicated,2,6,Yes
68,19,Female,High School,Slovenia,5.7,TikTok,Yes,5.4,5,In Relationship,4,8,Yes
69,22,Male,Graduate,Bulgaria,2.8,LinkedIn,No,7.2,8,Single,1,4,No
70,20,Female,Undergraduate,Estonia,4.5,Instagram,Yes,5.9,6,Complicated,3,7,Yes
71,18,Male,High School,Latvia,5.4,Snapchat,Yes,5.5,5,Single,4,8,Yes
72,21,Female,Graduate,Lithuania,3.2,Facebook,No,6.8,7,In Relationship,2,5,No
73,19,Male,Undergraduate,Ukraine,4.9,TikTok,Yes,5.7,6,Complicated,3,7,Yes
74,20,Female,Undergraduate,Moldova,5.8,Instagram,Yes,5.3,5,Single,4,8,Yes
75,23,Male,Graduate,Belarus,2.5,LinkedIn,No,7.3,8,In Relationship,1,4,No
76,21,Female,Undergraduate,Kazakhstan,4.6,Snapchat,Yes,5.8,6,Single,3,7,Yes
77,19,Male,High School,Uzbekistan,5.5,TikTok,Yes,5.4,5,Complicated,4,8,Yes
78,22,Female,Graduate,Kyrgyzstan,2.9,Facebook,No,7.0,7,In Relationship,2,5,No
79,20,Male,Undergraduate,Tajikistan,4.7,YouTube,Yes,5.9,6,Single,3,7,Yes
80,18,Female,High School,Armenia,5.9,Instagram,Yes,5.2,5,Complicated,4,9,Yes
81,21,Male,Graduate,Georgia,3.0,LinkedIn,No,7.1,8,In Relationship,1,4,No
82,19,Female,Undergraduate,Azerbaijan,4.8,TikTok,Yes,5.7,6,Single,3,7,Yes
83,20,Male,Undergraduate,Cyprus,3.8,Facebook,No,6.6,7,Complicated,2,6,Yes
84,22,Female,Graduate,Malta,2.7,LinkedIn,No,7.2,8,In Relationship,1,4,No
85,18,Male,High School,Luxembourg,5.6,Snapchat,Yes,5.3,5,Single,4,8,Yes
86,21,Female,Undergraduate,Monaco,4.5,Instagram,Yes,5.8,6,Complicated,3,7,Yes
87,19,Male,High School,Andorra,5.3,TikTok,Yes,5.5,5,In Relationship,4,8,Yes
88,23,Female,Graduate,San Marino,2.6,LinkedIn,No,7.3,8,Single,1,4,No
89,20,Male,Undergraduate,Vatican City,4.4,YouTube,Yes,6.0,6,Complicated,3,7,Yes
90,18,Female,High School,Liechtenstein,5.8,Instagram,Yes,5.2,5,Single,4,9,Yes
91,22,Male,Graduate,Montenegro,2.9,Facebook,No,7.0,7,In Relationship,2,5,No
92,19,Female,Undergraduate,Albania,4.7,TikTok,Yes,5.8,6,Complicated,3,7,Yes
93,21,Male,Undergraduate,North Macedonia,3.7,Snapchat,No,6.5,7,Single,2,6,Yes
94,20,Female,High School,Kosovo,5.5,Instagram,Yes,5.4,5,In Relationship,4,8,Yes
95,23,Male,Graduate,Bosnia,2.4,LinkedIn,No,7.4,8,Complicated,1,4,No
96,19,Female,Undergraduate,Qatar,4.9,TikTok,Yes,5.7,6,Single,3,7,Yes
97,18,Male,High School,Kuwait,5.7,Snapchat,Yes,5.3,5,In Relationship,4,8,Yes
98,22,Female,Graduate,Bahrain,2.8,LinkedIn,No,7.1,8,Complicated,1,4,No
99,20,Male,Undergraduate,Oman,4.6,Instagram,Yes,5.9,6,Single,3,7,Yes
100,21,Female,Undergraduate,Jordan,5.4,TikTok,Yes,5.5,5,In Relationship,4,8,Yes
101,19,Male,High School,Lebanon,5.8,YouTube,Yes,5.2,5,Complicated,4,9,Yes
102,23,Female,Graduate,Iraq,2.5,LinkedIn,No,7.3,8,Single,1,4,No
103,20,Male,Undergraduate,Yemen,4.7,Facebook,Yes,5.8,6,In Relationship,3,7,Yes
104,18,Female,High School,Syria,5.6,Instagram,Yes,5.4,5,Single,4,8,Yes
105,22,Male,Graduate,Afghanistan,2.9,LinkedIn,No,7.0,7,Complicated,2,5,No
106,19,Female,Undergraduate,Pakistan,4.8,TikTok,Yes,5.7,6,In Relationship,3,7,Yes
107,21,Male,Undergraduate,Nepal,3.8,YouTube,No,6.6,7,Single,2,6,Yes
108,20,Female,High School,Bhutan,5.5,Snapchat,Yes,5.5,5,Complicated,4,8,Yes
109,23,Male,Graduate,Sri Lanka,2.6,LinkedIn,No,7.2,8,In Relationship,1,4,No
110,19,Female,Undergraduate,Maldives,4.9,Instagram,Yes,5.8,6,Single,3,7,Yes
111,20,Male,Undergraduate,Bangladesh,6.1,Instagram,Yes,6.2,5,Single,4,8,Yes
112,21,Female,Undergraduate,India,5.8,TikTok,Yes,5.9,6,In Relationship,3,7,Yes
113,19,Male,Undergraduate,Nepal,4.9,Facebook,No,7.1,7,Single,2,5,No
114,22,Female,Graduate,Pakistan,5.5,Instagram,Yes,6.0,5,Single,4,8,Yes
115,20,Male,Undergraduate,Sri Lanka,5.2,TikTok,Yes,6.3,6,In Relationship,3,7,Yes
116,19,Female,Undergraduate,Maldives,4.8,Instagram,No,7.2,8,Single,2,5,No
117,21,Male,Graduate,Bangladesh,6.0,Facebook,Yes,5.8,5,In Relationship,4,8,Yes
118,20,Female,Undergraduate,India,5.7,Instagram,Yes,6.1,6,Single,3,7,Yes
119,22,Male,Graduate,Nepal,4.7,TikTok,No,7.3,7,Single,2,5,No
120,19,Female,Undergraduate,Pakistan,5.4,Instagram,Yes,6.2,5,In Relationship,4,8,Yes
121,20,Male,Undergraduate,Sri Lanka,5.9,Facebook,Yes,5.9,6,Single,3,7,Yes
122,21,Female,Graduate,Maldives,4.6,Instagram,No,7.4,8,In Relationship,2,5,No
123,19,Male,Undergraduate,Bangladesh,5.3,TikTok,Yes,6.3,5,Single,4,8,Yes
124,22,Female,Graduate,India,5.8,Instagram,Yes,5.8,6,In Relationship,3,7,Yes
125,20,Male,Undergraduate,Nepal,4.5,Facebook,No,7.5,7,Single,2,5,No
126,21,Female,Graduate,Pakistan,5.2,Instagram,Yes,6.4,5,In Relationship,4,8,Yes
127,19,Male,Undergraduate,Sri Lanka,5.7,TikTok,Yes,5.7,6,Single,3,7,Yes
128,20,Female,Undergraduate,Maldives,4.4,Instagram,No,7.6,8,In Relationship,2,5,No
129,22,Male,Graduate,Bangladesh,5.1,Facebook,Yes,6.5,5,Single,4,8,Yes
130,21,Female,Graduate,India,5.6,Instagram,Yes,5.6,6,In Relationship,3,7,Yes
131,19,Male,Undergraduate,Nepal,4.3,TikTok,No,7.7,7,Single,2,5,No
132,20,Female,Undergraduate,Pakistan,5.0,Instagram,Yes,6.6,5,In Relationship,4,8,Yes
133,22,Male,Graduate,Sri Lanka,5.5,Facebook,Yes,5.5,6,Single,3,7,Yes
134,21,Female,Graduate,Maldives,4.2,Instagram,No,7.8,8,In Relationship,2,5,No
135,19,Male,Undergraduate,Bangladesh,4.9,TikTok,Yes,6.7,5,Single,4,8,Yes
136,20,Female,Undergraduate,India,5.4,Instagram,Yes,5.4,6,In Relationship,3,7,Yes
137,22,Male,Graduate,Nepal,4.1,Facebook,No,7.9,7,Single,2,5,No
138,21,Female,Graduate,Pakistan,4.8,Instagram,Yes,6.8,5,In Relationship,4,8,Yes
139,19,Male,Undergraduate,Sri Lanka,5.3,TikTok,Yes,5.3,6,Single,3,7,Yes
140,20,Female,Undergraduate,Maldives,4.0,Instagram,No,8.0,8,In Relationship,2,5,No
141,22,Male,Graduate,Bangladesh,4.7,Facebook,Yes,6.9,5,Single,4,8,Yes
142,21,Female,Graduate,India,5.2,Instagram,Yes,5.2,6,In Relationship,3,7,Yes
143,19,Male,Undergraduate,Nepal,3.9,TikTok,No,8.1,7,Single,2,5,No
144,20,Female,Undergraduate,Pakistan,4.6,Instagram,Yes,7.0,5,In Relationship,4,8,Yes
145,22,Male,Graduate,Sri Lanka,5.1,Facebook,Yes,5.1,6,Single,3,7,Yes
146,21,Female,Graduate,Maldives,3.8,Instagram,No,8.2,8,In Relationship,2,5,No
147,19,Male,Undergraduate,Bangladesh,4.5,TikTok,Yes,7.1,5,Single,4,8,Yes
148,20,Female,Undergraduate,India,5.0,Instagram,Yes,5.0,6,In Relationship,3,7,Yes
149,22,Male,Graduate,Nepal,3.7,Facebook,No,8.3,7,Single,2,5,No
150,21,Female,Graduate,Pakistan,4.4,Instagram,Yes,7.2,5,In Relationship,4,8,Yes
151,19,Male,Undergraduate,Sri Lanka,4.9,TikTok,Yes,4.9,6,Single,3,7,Yes
152,20,Female,Undergraduate,Maldives,3.6,Instagram,No,8.4,8,In Relationship,2,5,No
153,22,Male,Graduate,Bangladesh,4.3,Facebook,Yes,7.3,5,Single,4,8,Yes
154,21,Female,Graduate,India,4.8,Instagram,Yes,4.8,6,In Relationship,3,7,Yes
155,19,Male,Undergraduate,Nepal,3.5,TikTok,No,8.5,7,Single,2,5,No
156,20,Female,Undergraduate,Pakistan,4.2,Instagram,Yes,7.4,5,In Relationship,4,8,Yes
157,22,Male,Graduate,Sri Lanka,4.7,Facebook,Yes,4.7,6,Single,3,7,Yes
158,21,Female,Graduate,Maldives,3.4,Instagram,No,8.6,8,In Relationship,2,5,No
159,19,Male,Undergraduate,Bangladesh,4.1,TikTok,Yes,7.5,5,Single,4,8,Yes
160,20,Female,Undergraduate,India,4.6,Instagram,Yes,4.6,6,In Relationship,3,7,Yes
161,19,Female,Undergraduate,Bangladesh,5.3,Instagram,Yes,6.1,5,Single,3,7,Yes
162,21,Male,Graduate,India,4.8,Facebook,No,7.2,7,In Relationship,2,6,Yes
163,20,Female,Undergraduate,Nepal,5.5,TikTok,Yes,5.9,6,Single,4,8,Yes
164,22,Male,Graduate,Pakistan,4.7,Instagram,Yes,6.3,5,In Relationship,3,7,Yes
165,19,Female,Undergraduate,Sri Lanka,5.1,Facebook,No,7.0,7,Single,2,5,No
166,21,Male,Graduate,Maldives,5.4,TikTok,Yes,6.0,6,In Relationship,4,8,Yes
167,20,Female,Undergraduate,Bangladesh,4.9,Instagram,Yes,6.4,5,Single,3,7,Yes
168,22,Male,Graduate,India,5.2,Facebook,No,7.1,7,In Relationship,2,6,Yes
169,19,Female,Undergraduate,Nepal,5.6,TikTok,Yes,5.8,6,Single,4,8,Yes
170,21,Male,Graduate,Pakistan,4.6,Instagram,Yes,6.5,5,In Relationship,3,7,Yes
171,20,Female,Undergraduate,Sri Lanka,5.0,Facebook,No,7.3,7,Single,2,5,No
172,22,Male,Graduate,Maldives,5.3,TikTok,Yes,5.7,6,In Relationship,4,8,Yes
173,19,Female,Undergraduate,Bangladesh,4.8,Instagram,Yes,6.6,5,Single,3,7,Yes
174,21,Male,Graduate,India,5.1,Facebook,No,7.4,7,In Relationship,2,6,Yes
175,20,Female,Undergraduate,Nepal,5.7,TikTok,Yes,5.6,6,Single,4,8,Yes
176,22,Male,Graduate,Pakistan,4.5,Instagram,Yes,6.7,5,In Relationship,3,7,Yes
177,19,Female,Undergraduate,Sri Lanka,4.9,Facebook,No,7.5,7,Single,2,5,No
178,21,Male,Graduate,Maldives,5.2,TikTok,Yes,5.5,6,In Relationship,4,8,Yes
179,20,Female,Undergraduate,Bangladesh,4.7,Instagram,Yes,6.8,5,Single,3,7,Yes
180,22,Male,Graduate,India,5.0,Facebook,No,7.6,7,In Relationship,2,6,Yes
181,19,Female,Undergraduate,Nepal,5.8,TikTok,Yes,5.4,6,Single,4,8,Yes
182,21,Male,Graduate,Pakistan,4.4,Instagram,Yes,6.9,5,In Relationship,3,7,Yes
183,20,Female,Undergraduate,Sri Lanka,4.8,Facebook,No,7.7,7,Single,2,5,No
184,22,Male,Graduate,Maldives,5.1,TikTok,Yes,5.3,6,In Relationship,4,8,Yes
185,19,Female,Undergraduate,Bangladesh,4.6,Instagram,Yes,7.0,5,Single,3,7,Yes
186,21,Male,Graduate,India,4.9,Facebook,No,7.8,7,In Relationship,2,6,Yes
187,20,Female,Undergraduate,Nepal,5.9,TikTok,Yes,5.2,6,Single,4,8,Yes
188,22,Male,Graduate,Pakistan,4.3,Instagram,Yes,7.1,5,In Relationship,3,7,Yes
189,19,Female,Undergraduate,Sri Lanka,4.7,Facebook,No,7.9,7,Single,2,5,No
190,21,Male,Graduate,Maldives,5.0,TikTok,Yes,5.1,6,In Relationship,4,8,Yes
191,20,Female,Undergraduate,Bangladesh,4.5,Instagram,Yes,7.2,5,Single,3,7,Yes
192,22,Male,Graduate,India,4.8,Facebook,No,8.0,7,In Relationship,2,6,Yes
193,19,Female,Undergraduate,Nepal,6.0,TikTok,Yes,5.0,6,Single,4,8,Yes
194,21,Male,Graduate,Pakistan,4.2,Instagram,Yes,7.3,5,In Relationship,3,7,Yes
195,20,Female,Undergraduate,Sri Lanka,4.6,Facebook,No,8.1,7,Single,2,5,No
196,22,Male,Graduate,Maldives,4.9,TikTok,Yes,4.9,6,In Relationship,4,8,Yes
197,19,Female,Undergraduate,Bangladesh,4.4,Instagram,Yes,7.4,5,Single,3,7,Yes
198,21,Male,Graduate,India,4.7,Facebook,No,8.2,7,In Relationship,2,6,Yes
199,20,Female,Undergraduate,Nepal,6.1,TikTok,Yes,4.8,6,Single,4,8,Yes
200,22,Male,Graduate,Pakistan,4.1,Instagram,Yes,7.5,5,In Relationship,3,7,Yes
201,19,Female,Undergraduate,Sri Lanka,4.5,Facebook,No,8.3,7,Single,2,5,No
202,21,Male,Graduate,Maldives,4.8,TikTok,Yes,4.7,6,In Relationship,4,8,Yes
203,20,Female,Undergraduate,Bangladesh,4.3,Instagram,Yes,7.6,5,Single,3,7,Yes
204,22,Male,Graduate,India,4.6,Facebook,No,8.4,7,In Relationship,2,6,Yes
205,19,Female,Undergraduate,Nepal,6.2,TikTok,Yes,4.6,6,Single,4,8,Yes
206,21,Male,Graduate,Pakistan,4.0,Instagram,Yes,7.7,5,In Relationship,3,7,Yes
207,20,Female,Undergraduate,Sri Lanka,4.4,Facebook,No,8.5,7,Single,2,5,No
208,22,Male,Graduate,Maldives,4.7,TikTok,Yes,4.5,6,In Relationship,4,8,Yes
209,19,Female,Undergraduate,Bangladesh,4.2,Instagram,Yes,7.8,5,Single,3,7,Yes
210,21,Male,Graduate,India,4.5,Facebook,No,8.6,7,In Relationship,2,6,Yes
211,20,Female,Undergraduate,Nepal,6.3,TikTok,Yes,4.4,6,Single,4,8,Yes
212,22,Male,Graduate,Pakistan,3.9,Instagram,Yes,7.9,5,In Relationship,3,7,Yes
213,19,Female,Undergraduate,Sri Lanka,4.3,Facebook,No,8.7,7,Single,2,5,No
214,21,Male,Graduate,Maldives,4.6,TikTok,Yes,4.3,6,In Relationship,4,8,Yes
215,20,Female,Undergraduate,Bangladesh,4.1,Instagram,Yes,8.0,5,Single,3,7,Yes
216,22,Male,Graduate,India,4.4,Facebook,No,8.8,7,In Relationship,2,6,Yes
217,19,Female,Undergraduate,Nepal,6.4,TikTok,Yes,4.2,6,Single,4,8,Yes
218,21,Male,Graduate,Pakistan,3.8,Instagram,Yes,8.1,5,In Relationship,3,7,Yes
219,20,Female,Undergraduate,Sri Lanka,4.2,Facebook,No,8.9,7,Single,2,5,No
220,22,Male,Graduate,Maldives,4.5,TikTok,Yes,4.1,6,In Relationship,4,8,Yes
221,19,Female,Undergraduate,USA,6.5,Instagram,Yes,6.0,5,Single,4,9,Yes
222,21,Male,Graduate,UK,5.8,TikTok,Yes,6.5,6,In Relationship,3,7,Yes
223,20,Female,Undergraduate,Australia,4.5,Instagram,No,7.5,8,Single,2,5,No
224,22,Male,Graduate,Germany,4.2,Facebook,No,7.8,7,In Relationship,2,4,No
225,19,Female,Undergraduate,Japan,3.8,LINE,No,7.9,8,Single,1,3,No
226,21,Male,Graduate,Italy,5.5,Instagram,Yes,6.8,6,Single,3,7,Yes
227,20,Female,Undergraduate,South Korea,5.2,KakaoTalk,Yes,6.5,6,In Relationship,3,6,Yes
228,22,Male,Graduate,Russia,4.8,VKontakte,No,7.2,7,Single,2,5,No
229,19,Female,Undergraduate,USA,7.0,TikTok,Yes,5.8,4,In Relationship,4,9,Yes
230,21,Male,Graduate,UK,5.5,Instagram,Yes,6.7,6,Single,3,7,Yes
231,20,Female,Undergraduate,Australia,4.7,Facebook,No,7.4,7,In Relationship,2,5,No
232,22,Male,Graduate,Germany,4.0,Instagram,No,7.9,8,Single,1,4,No
233,19,Female,Undergraduate,Japan,3.5,LINE,No,8.0,8,Single,1,3,No
234,21,Male,Graduate,Italy,5.7,TikTok,Yes,6.5,5,In Relationship,3,8,Yes
235,20,Female,Undergraduate,South Korea,5.0,KakaoTalk,Yes,6.8,6,Single,3,6,Yes
236,22,Male,Graduate,Russia,4.5,VKontakte,No,7.4,7,In Relationship,2,5,No
237,19,Female,Undergraduate,USA,6.8,Instagram,Yes,5.9,4,Single,4,9,Yes
238,21,Male,Graduate,UK,5.6,Facebook,Yes,6.6,6,In Relationship,3,7,Yes
239,20,Female,Undergraduate,Australia,4.6,Instagram,No,7.3,7,Single,2,5,No
240,22,Male,Graduate,Germany,4.1,Facebook,No,7.7,8,In Relationship,2,4,No
241,19,Female,Undergraduate,Japan,3.7,LINE,No,7.8,8,Single,1,3,No
242,21,Male,Graduate,Italy,5.4,Instagram,Yes,6.7,5,Single,3,7,Yes
243,20,Female,Undergraduate,South Korea,5.1,KakaoTalk,Yes,6.6,6,In Relationship,3,6,Yes
244,22,Male,Graduate,Russia,4.7,VKontakte,No,7.3,7,Single,2,5,No
245,19,Female,Undergraduate,USA,6.9,TikTok,Yes,5.7,4,In Relationship,4,9,Yes
246,21,Male,Graduate,UK,5.7,Instagram,Yes,6.4,6,Single,3,7,Yes
247,20,Female,Undergraduate,Australia,4.8,Facebook,No,7.2,7,In Relationship,2,5,No
248,22,Male,Graduate,Germany,3.9,Instagram,No,7.8,8,Single,1,4,No
249,19,Female,Undergraduate,Japan,3.6,LINE,No,8.1,8,Single,1,3,No
250,21,Male,Graduate,Italy,5.6,TikTok,Yes,6.6,5,In Relationship,3,8,Yes
251,20,Female,Undergraduate,South Korea,4.9,KakaoTalk,Yes,6.9,6,Single,3,6,Yes
252,22,Male,Graduate,Russia,4.6,VKontakte,No,7.5,7,In Relationship,2,5,No
253,19,Female,Undergraduate,USA,6.7,Instagram,Yes,5.8,4,Single,4,9,Yes
254,21,Male,Graduate,UK,5.4,Facebook,Yes,6.5,6,In Relationship,3,7,Yes
255,20,Female,Undergraduate,Australia,4.4,Instagram,No,7.4,7,Single,2,5,No
256,22,Male,Graduate,Germany,4.0,Facebook,No,7.6,8,In Relationship,2,4,No
257,19,Female,Undergraduate,Japan,3.4,LINE,No,8.2,8,Single,1,3,No
258,21,Male,Graduate,Italy,5.3,Instagram,Yes,6.8,5,Single,3,7,Yes
259,20,Female,Undergraduate,South Korea,5.0,KakaoTalk,Yes,6.7,6,In Relationship,3,6,Yes
260,22,Male,Graduate,Russia,4.4,VKontakte,No,7.6,7,Single,2,5,No
261,19,Female,Undergraduate,USA,6.6,TikTok,Yes,5.6,4,In Relationship,4,9,Yes
262,21,Male,Graduate,UK,5.3,Instagram,Yes,6.3,6,Single,3,7,Yes
263,20,Female,Undergraduate,Australia,4.3,Facebook,No,7.5,7,In Relationship,2,5,No
264,22,Male,Graduate,Germany,3.8,Instagram,No,7.7,8,Single,1,4,No
265,19,Female,Undergraduate,Japan,3.3,LINE,No,8.3,8,Single,1,3,No
266,21,Male,Graduate,Italy,5.2,TikTok,Yes,6.9,5,In Relationship,3,8,Yes
267,20,Female,Undergraduate,South Korea,4.8,KakaoTalk,Yes,7.0,6,Single,3,6,Yes
268,22,Male,Graduate,Russia,4.3,VKontakte,No,7.7,7,In Relationship,2,5,No
269,19,Female,Undergraduate,USA,6.4,Instagram,Yes,5.7,4,Single,4,9,Yes
270,21,Male,Graduate,UK,5.2,Facebook,Yes,6.4,6,In Relationship,3,7,Yes
271,20,Female,Undergraduate,Australia,4.5,Instagram,No,7.3,7,Single,2,5,No
272,22,Male,Graduate,Germany,3.7,Facebook,No,7.8,8,In Relationship,1,4,No
273,19,Female,Undergraduate,Japan,3.2,LINE,No,8.4,8,Single,1,3,No
274,21,Male,Graduate,Italy,5.4,Instagram,Yes,6.7,5,Single,3,7,Yes
275,20,Female,Undergraduate,South Korea,4.7,KakaoTalk,Yes,7.1,6,In Relationship,3,6,Yes
276,22,Male,Graduate,Russia,4.2,VKontakte,No,7.8,7,Single,2,5,No
277,19,Female,Undergraduate,USA,6.6,TikTok,Yes,5.5,4,In Relationship,4,9,Yes
278,21,Male,Graduate,UK,5.1,Instagram,Yes,6.5,6,Single,3,7,Yes
279,20,Female,Undergraduate,Australia,4.4,Facebook,No,7.4,7,In Relationship,2,5,No
280,22,Male,Graduate,Germany,3.6,Instagram,No,7.9,8,Single,1,4,No
281,19,Female,Undergraduate,Japan,3.1,LINE,No,8.5,8,Single,1,3,No
282,21,Male,Graduate,Italy,5.3,TikTok,Yes,6.8,5,In Relationship,3,8,Yes
283,20,Female,Undergraduate,South Korea,4.6,KakaoTalk,Yes,7.2,6,Single,3,6,Yes
284,22,Male,Graduate,Russia,4.1,VKontakte,No,7.9,7,In Relationship,2,5,No
285,19,Female,Undergraduate,USA,6.7,Instagram,Yes,5.4,4,Single,4,9,Yes
286,21,Male,Graduate,UK,5.0,Facebook,Yes,6.6,6,In Relationship,3,7,Yes
287,20,Female,Undergraduate,Australia,4.3,Instagram,No,7.5,7,Single,2,5,No
288,22,Male,Graduate,Germany,3.5,Facebook,No,8.0,8,In Relationship,1,4,No
289,19,Female,Undergraduate,Japan,3.0,LINE,No,8.6,8,Single,1,3,No
290,21,Male,Graduate,Italy,5.2,Instagram,Yes,6.9,5,Single,3,7,Yes
291,20,Female,Undergraduate,South Korea,4.5,KakaoTalk,Yes,7.3,6,In Relationship,3,6,Yes
292,22,Male,Graduate,Russia,4.0,VKontakte,No,8.0,7,Single,2,5,No
293,19,Female,Undergraduate,USA,6.8,TikTok,Yes,5.3,4,In Relationship,4,9,Yes
294,21,Male,Graduate,UK,4.9,Instagram,Yes,6.7,6,Single,3,7,Yes
295,20,Female,Undergraduate,Australia,4.2,Facebook,No,7.6,7,In Relationship,2,5,No
296,22,Male,Graduate,Germany,3.4,Instagram,No,8.1,8,Single,1,4,No
297,19,Female,Undergraduate,Japan,2.9,LINE,No,8.7,8,Single,1,3,No
298,21,Male,Graduate,Italy,5.1,TikTok,Yes,7.0,5,In Relationship,3,8,Yes
299,20,Female,Undergraduate,South Korea,4.4,KakaoTalk,Yes,7.4,6,Single,3,6,Yes
300,22,Male,Graduate,Russia,3.9,VKontakte,No,8.1,7,In Relationship,2,5,No
301,19,Female,Undergraduate,USA,6.9,Instagram,Yes,5.2,4,Single,4,9,Yes
302,21,Male,Graduate,UK,4.8,Facebook,Yes,6.8,6,In Relationship,3,7,Yes
303,20,Female,Undergraduate,Australia,4.1,Instagram,No,7.7,7,Single,2,5,No
304,22,Male,Graduate,Germany,3.3,Facebook,No,8.2,8,In Relationship,1,4,No
305,19,Female,Undergraduate,Japan,2.8,LINE,No,8.8,8,Single,1,3,No
306,21,Male,Graduate,Italy,5.0,Instagram,Yes,7.1,5,Single,3,7,Yes
307,20,Female,Undergraduate,South Korea,4.3,KakaoTalk,Yes,7.5,6,In Relationship,3,6,Yes
308,22,Male,Graduate,Russia,3.8,VKontakte,No,8.2,7,Single,2,5,No
309,19,Female,Undergraduate,USA,7.0,TikTok,Yes,5.1,4,In Relationship,4,9,Yes
310,21,Male,Graduate,UK,4.7,Instagram,Yes,6.9,6,Single,3,7,Yes
311,20,Female,Undergraduate,Australia,4.0,Facebook,No,7.8,7,In Relationship,2,5,No
312,22,Male,Graduate,Germany,3.2,Instagram,No,8.3,8,Single,1,4,No
313,19,Female,Undergraduate,Japan,2.7,LINE,No,8.9,8,Single,1,3,No
314,21,Male,Graduate,Italy,4.9,TikTok,Yes,7.2,5,In Relationship,3,8,Yes
315,20,Female,Undergraduate,South Korea,4.2,KakaoTalk,Yes,7.6,6,Single,3,6,Yes
316,22,Male,Graduate,Russia,3.7,VKontakte,No,8.3,7,In Relationship,2,5,No
317,19,Female,Undergraduate,USA,7.1,Instagram,Yes,5.0,4,Single,4,9,Yes
318,21,Male,Graduate,UK,4.6,Facebook,Yes,7.0,6,In Relationship,3,7,Yes
319,20,Female,Undergraduate,Australia,3.9,Instagram,No,7.9,7,Single,2,5,No
320,22,Male,Graduate,Germany,3.1,Facebook,No,8.4,8,In Relationship,1,4,No
321,19,Female,Undergraduate,Spain,5.2,Instagram,Yes,6.8,6,Single,3,7,Yes
322,21,Male,Graduate,Denmark,4.1,Facebook,No,7.8,8,In Relationship,2,4,No
323,20,Female,Undergraduate,Ireland,5.0,Instagram,Yes,7.0,7,Single,3,6,Yes
324,22,Male,Graduate,India,5.8,WhatsApp,Yes,6.5,5,In Relationship,4,8,Yes
325,19,Female,Undergraduate,Switzerland,4.0,Instagram,No,7.9,8,Single,2,4,No
326,21,Male,Graduate,Turkey,5.5,Instagram,Yes,6.7,6,Single,3,7,Yes
327,20,Female,Undergraduate,USA,6.8,TikTok,Yes,5.5,5,In Relationship,4,9,Yes
328,22,Male,Graduate,Mexico,5.6,WhatsApp,Yes,6.6,6,Single,3,7,Yes
329,19,Female,Undergraduate,France,4.5,Instagram,No,7.5,7,In Relationship,2,5,No
330,21,Male,Graduate,Canada,5.3,Instagram,Yes,6.9,6,Single,3,7,Yes
331,20,Female,Undergraduate,Spain,5.1,TikTok,Yes,6.7,6,Single,3,7,Yes
332,22,Male,Graduate,Denmark,3.9,Facebook,No,7.9,8,In Relationship,2,4,No
333,19,Female,Undergraduate,Ireland,4.8,Instagram,Yes,7.1,7,Single,3,6,Yes
334,21,Male,Graduate,India,5.9,WhatsApp,Yes,6.4,5,In Relationship,4,8,Yes
335,20,Female,Undergraduate,Switzerland,3.8,Instagram,No,8.0,8,Single,2,4,No
336,22,Male,Graduate,Turkey,5.4,TikTok,Yes,6.8,6,Single,3,7,Yes
337,19,Female,Undergraduate,USA,6.9,Instagram,Yes,5.4,5,In Relationship,4,9,Yes
338,21,Male,Graduate,Mexico,5.7,WhatsApp,Yes,6.5,6,Single,3,7,Yes
339,20,Female,Undergraduate,France,4.4,Instagram,No,7.6,7,In Relationship,2,5,No
340,22,Male,Graduate,Canada,5.2,TikTok,Yes,7.0,6,Single,3,7,Yes
341,19,Female,Undergraduate,Spain,5.0,Instagram,Yes,6.9,6,Single,3,7,Yes
342,21,Male,Graduate,Denmark,3.8,Facebook,No,8.0,8,In Relationship,2,4,No
343,20,Female,Undergraduate,Ireland,4.7,TikTok,Yes,7.2,7,Single,3,6,Yes
344,22,Male,Graduate,India,6.0,WhatsApp,Yes,6.3,5,In Relationship,4,8,Yes
345,19,Female,Undergraduate,Switzerland,3.7,Instagram,No,8.1,8,Single,2,4,No
346,21,Male,Graduate,Turkey,5.3,Instagram,Yes,6.9,6,Single,3,7,Yes
347,20,Female,Undergraduate,USA,7.0,TikTok,Yes,5.3,5,In Relationship,4,9,Yes
348,22,Male,Graduate,Mexico,5.8,WhatsApp,Yes,6.4,6,Single,3,7,Yes
349,19,Female,Undergraduate,France,4.3,Instagram,No,7.7,7,In Relationship,2,5,No
350,21,Male,Graduate,Canada,5.1,Instagram,Yes,7.1,6,Single,3,7,Yes
351,20,Female,Undergraduate,Spain,4.9,TikTok,Yes,7.0,6,Single,3,7,Yes
352,22,Male,Graduate,Denmark,3.7,Facebook,No,8.1,8,In Relationship,2,4,No
353,19,Female,Undergraduate,Ireland,4.6,Instagram,Yes,7.3,7,Single,3,6,Yes
354,21,Male,Graduate,India,6.1,WhatsApp,Yes,6.2,5,In Relationship,4,8,Yes
355,20,Female,Undergraduate,Switzerland,3.6,Instagram,No,8.2,8,Single,2,4,No
356,22,Male,Graduate,Turkey,5.2,TikTok,Yes,7.0,6,Single,3,7,Yes
357,19,Female,Undergraduate,USA,7.1,Instagram,Yes,5.2,5,In Relationship,4,9,Yes
358,21,Male,Graduate,Mexico,5.9,WhatsApp,Yes,6.3,6,Single,3,7,Yes
359,20,Female,Undergraduate,France,4.2,Instagram,No,7.8,7,In Relationship,2,5,No
360,22,Male,Graduate,Canada,5.0,TikTok,Yes,7.2,6,Single,3,7,Yes
361,19,Female,Undergraduate,Spain,4.8,Instagram,Yes,7.1,6,Single,3,7,Yes
362,21,Male,Graduate,Denmark,3.6,Facebook,No,8.2,8,In Relationship,2,4,No
363,20,Female,Undergraduate,Ireland,4.5,TikTok,Yes,7.4,7,Single,3,6,Yes
364,22,Male,Graduate,India,6.2,WhatsApp,Yes,6.1,5,In Relationship,4,8,Yes
365,19,Female,Undergraduate,Switzerland,3.5,Instagram,No,8.3,8,Single,2,4,No
366,21,Male,Graduate,Turkey,5.1,Instagram,Yes,7.1,6,Single,3,7,Yes
367,20,Female,Undergraduate,USA,7.2,TikTok,Yes,5.1,5,In Relationship,4,9,Yes
368,22,Male,Graduate,Mexico,6.0,WhatsApp,Yes,6.2,6,Single,3,7,Yes
369,19,Female,Undergraduate,France,4.1,Instagram,No,7.9,7,In Relationship,2,5,No
370,21,Male,Graduate,Canada,4.9,Instagram,Yes,7.3,6,Single,3,7,Yes
371,20,Female,Undergraduate,Spain,4.7,TikTok,Yes,7.2,6,Single,3,7,Yes
372,22,Male,Graduate,Denmark,3.5,Facebook,No,8.3,8,In Relationship,2,4,No
373,19,Female,Undergraduate,Ireland,4.4,Instagram,Yes,7.5,7,Single,3,6,Yes
374,21,Male,Graduate,India,6.3,WhatsApp,Yes,6.0,5,In Relationship,4,8,Yes
375,20,Female,Undergraduate,Switzerland,3.4,Instagram,No,8.4,8,Single,2,4,No
376,22,Male,Graduate,Turkey,5.0,TikTok,Yes,7.2,6,Single,3,7,Yes
377,19,Female,Undergraduate,USA,7.3,Instagram,Yes,5.0,5,In Relationship,4,9,Yes
378,21,Male,Graduate,Mexico,6.1,WhatsApp,Yes,6.1,6,Single,3,7,Yes
379,20,Female,Undergraduate,France,4.0,Instagram,No,8.0,7,In Relationship,2,5,No
380,22,Male,Graduate,Canada,4.8,TikTok,Yes,7.4,6,Single,3,7,Yes
381,19,Female,Undergraduate,Spain,4.6,Instagram,Yes,7.3,6,Single,3,7,Yes
382,21,Male,Graduate,Denmark,3.4,Facebook,No,8.4,8,In Relationship,2,4,No
383,20,Female,Undergraduate,Ireland,4.3,TikTok,Yes,7.6,7,Single,3,6,Yes
384,22,Male,Graduate,India,6.4,WhatsApp,Yes,5.9,5,In Relationship,4,8,Yes
385,19,Female,Undergraduate,Switzerland,3.3,Instagram,No,8.5,8,Single,2,4,No
386,21,Male,Graduate,Turkey,4.9,Instagram,Yes,7.3,6,Single,3,7,Yes
387,20,Female,Undergraduate,USA,7.4,TikTok,Yes,4.9,5,In Relationship,4,9,Yes
388,22,Male,Graduate,Mexico,6.2,WhatsApp,Yes,6.0,6,Single,3,7,Yes
389,19,Female,Undergraduate,France,3.9,Instagram,No,8.1,7,In Relationship,2,5,No
390,21,Male,Graduate,Canada,4.7,Instagram,Yes,7.5,6,Single,3,7,Yes
391,20,Female,Undergraduate,Spain,4.5,TikTok,Yes,7.4,6,Single,3,7,Yes
392,22,Male,Graduate,Denmark,3.3,Facebook,No,8.5,8,In Relationship,2,4,No
393,19,Female,Undergraduate,Ireland,4.2,Instagram,Yes,7.7,7,Single,3,6,Yes
394,21,Male,Graduate,India,6.5,WhatsApp,Yes,5.8,5,In Relationship,4,8,Yes
395,20,Female,Undergraduate,Switzerland,3.2,Instagram,No,8.6,8,Single,2,4,No
396,22,Male,Graduate,Turkey,4.8,TikTok,Yes,7.4,6,Single,3,7,Yes
397,19,Female,Undergraduate,USA,7.5,Instagram,Yes,4.8,5,In Relationship,4,9,Yes
398,21,Male,Graduate,Mexico,6.3,WhatsApp,Yes,5.9,6,Single,3,7,Yes
399,20,Female,Undergraduate,France,3.8,Instagram,No,8.2,7,In Relationship,2,5,No
400,22,Male,Graduate,Canada,4.6,TikTok,Yes,7.6,6,Single,3,7,Yes
401,19,Female,Undergraduate,Spain,4.4,Instagram,Yes,7.5,6,Single,3,7,Yes
402,21,Male,Graduate,Denmark,3.2,Facebook,No,8.6,8,In Relationship,2,4,No
403,20,Female,Undergraduate,Ireland,4.1,TikTok,Yes,7.8,7,Single,3,6,Yes
404,22,Male,Graduate,India,6.6,WhatsApp,Yes,5.7,5,In Relationship,4,8,Yes
405,19,Female,Undergraduate,Switzerland,3.1,Instagram,No,8.7,8,Single,2,4,No
406,21,Male,Graduate,Turkey,4.7,Instagram,Yes,7.5,6,Single,3,7,Yes
407,20,Female,Undergraduate,USA,7.6,TikTok,Yes,4.7,5,In Relationship,4,9,Yes
408,22,Male,Graduate,Mexico,6.4,WhatsApp,Yes,5.8,6,Single,3,7,Yes
409,19,Female,Undergraduate,France,3.7,Instagram,No,8.3,7,In Relationship,2,5,No
410,21,Male,Graduate,Canada,4.5,Instagram,Yes,7.7,6,Single,3,7,Yes
411,20,Female,Undergraduate,Spain,4.3,TikTok,Yes,7.6,6,Single,3,7,Yes
412,22,Male,Graduate,Denmark,3.1,Facebook,No,8.7,8,In Relationship,2,4,No
413,19,Female,Undergraduate,Ireland,4.0,Instagram,Yes,7.9,7,Single,3,6,Yes
414,21,Male,Graduate,India,6.7,WhatsApp,Yes,5.6,5,In Relationship,4,8,Yes
415,20,Female,Undergraduate,Switzerland,3.0,Instagram,No,8.8,8,Single,2,4,No
416,22,Male,Graduate,Turkey,4.6,TikTok,Yes,7.6,6,Single,3,7,Yes
417,19,Female,Undergraduate,USA,7.7,Instagram,Yes,4.6,5,In Relationship,4,9,Yes
418,21,Male,Graduate,Mexico,6.5,WhatsApp,Yes,5.7,6,Single,3,7,Yes
419,20,Female,Undergraduate,France,3.6,Instagram,No,8.4,7,In Relationship,2,5,No
420,22,Male,Graduate,Canada,4.4,TikTok,Yes,7.8,6,Single,3,7,Yes
421,19,Female,Undergraduate,Spain,4.2,Instagram,Yes,7.7,6,Single,3,7,Yes
422,21,Male,Graduate,Denmark,3.0,Facebook,No,8.8,8,In Relationship,2,4,No
423,20,Female,Undergraduate,Ireland,3.9,TikTok,Yes,8.0,7,Single,3,6,Yes
424,22,Male,Graduate,India,6.8,WhatsApp,Yes,5.5,5,In Relationship,4,8,Yes
425,19,Female,Undergraduate,Switzerland,2.9,Instagram,No,8.9,8,Single,2,4,No
426,21,Male,Graduate,Turkey,4.5,Instagram,Yes,7.7,6,Single,3,7,Yes
427,20,Female,Undergraduate,USA,7.8,TikTok,Yes,4.5,5,In Relationship,4,9,Yes
428,22,Male,Graduate,Mexico,6.6,WhatsApp,Yes,5.6,6,Single,3,7,Yes
429,19,Female,Undergraduate,France,3.5,Instagram,No,8.5,7,In Relationship,2,5,No
430,21,Male,Graduate,Canada,4.3,Instagram,Yes,7.9,6,Single,3,7,Yes
431,20,Female,Undergraduate,Spain,4.1,TikTok,Yes,7.8,6,Single,3,7,Yes
432,22,Male,Graduate,Denmark,2.9,Facebook,No,8.9,8,In Relationship,2,4,No
433,19,Female,Undergraduate,Ireland,3.8,Instagram,Yes,8.1,7,Single,3,6,Yes
434,21,Male,Graduate,India,6.9,WhatsApp,Yes,5.4,5,In Relationship,4,8,Yes
435,20,Female,Undergraduate,Switzerland,2.8,Instagram,No,9.0,8,Single,2,4,No
436,22,Male,Graduate,Turkey,4.4,TikTok,Yes,7.8,6,Single,3,7,Yes
437,19,Female,Undergraduate,USA,7.9,Instagram,Yes,4.4,5,In Relationship,4,9,Yes
438,21,Male,Graduate,Mexico,6.7,WhatsApp,Yes,5.5,6,Single,3,7,Yes
439,20,Female,Undergraduate,France,3.4,Instagram,No,8.6,7,In Relationship,2,5,No
440,22,Male,Graduate,Canada,4.2,TikTok,Yes,8.0,6,Single,3,7,Yes
441,19,Female,Undergraduate,Spain,4.0,Instagram,Yes,7.9,6,Single,3,7,Yes
442,21,Male,Graduate,Denmark,2.8,Facebook,No,9.0,8,In Relationship,2,4,No
443,20,Female,Undergraduate,Ireland,3.7,TikTok,Yes,8.2,7,Single,3,6,Yes
444,22,Male,Graduate,India,7.0,WhatsApp,Yes,5.3,5,In Relationship,4,8,Yes
445,19,Female,Undergraduate,Switzerland,2.7,Instagram,No,9.1,8,Single,2,4,No
446,21,Male,Graduate,Turkey,4.3,Instagram,Yes,7.9,6,Single,3,7,Yes
447,20,Female,Undergraduate,USA,8.0,TikTok,Yes,4.3,5,In Relationship,4,9,Yes
448,22,Male,Graduate,Mexico,6.8,WhatsApp,Yes,5.4,6,Single,3,7,Yes
449,19,Female,Undergraduate,France,3.3,Instagram,No,8.7,7,In Relationship,2,5,No
450,21,Male,Graduate,Canada,4.1,Instagram,Yes,8.1,6,Single,3,7,Yes
451,20,Female,Undergraduate,Spain,3.9,TikTok,Yes,8.0,6,Single,3,7,Yes
452,22,Male,Graduate,Denmark,2.7,Facebook,No,9.1,8,In Relationship,2,4,No
453,19,Female,Undergraduate,Ireland,3.6,Instagram,Yes,8.3,7,Single,3,6,Yes
454,21,Male,Graduate,India,7.1,WhatsApp,Yes,5.2,5,In Relationship,4,8,Yes
455,20,Female,Undergraduate,Switzerland,2.6,Instagram,No,9.2,8,Single,2,4,No
456,22,Male,Graduate,Turkey,4.2,TikTok,Yes,8.0,6,Single,3,7,Yes
457,19,Female,Undergraduate,USA,8.1,Instagram,Yes,4.2,5,In Relationship,4,9,Yes
458,21,Male,Graduate,Mexico,6.9,WhatsApp,Yes,5.3,6,Single,3,7,Yes
459,20,Female,Undergraduate,France,3.2,Instagram,No,8.8,7,In Relationship,2,5,No
460,22,Male,Graduate,Canada,4.0,TikTok,Yes,8.2,6,Single,3,7,Yes
461,19,Female,Undergraduate,Spain,3.8,Instagram,Yes,8.1,6,Single,3,7,Yes
462,21,Male,Graduate,Denmark,2.6,Facebook,No,9.2,8,In Relationship,2,4,No
463,20,Female,Undergraduate,Ireland,3.5,TikTok,Yes,8.4,7,Single,3,6,Yes
464,22,Male,Graduate,India,7.2,WhatsApp,Yes,5.1,5,In Relationship,4,8,Yes
465,19,Female,Undergraduate,Switzerland,2.5,Instagram,No,9.3,8,Single,2,4,No
466,21,Male,Graduate,Turkey,4.1,Instagram,Yes,8.1,6,Single,3,7,Yes
467,20,Female,Undergraduate,USA,8.2,TikTok,Yes,4.1,5,In Relationship,4,9,Yes
468,22,Male,Graduate,Mexico,7.0,WhatsApp,Yes,5.2,6,Single,3,7,Yes
469,19,Female,Undergraduate,France,3.1,Instagram,No,8.9,7,In Relationship,2,5,No
470,21,Male,Graduate,Canada,3.9,Instagram,Yes,8.3,6,Single,3,7,Yes
471,20,Female,Undergraduate,Spain,3.7,TikTok,Yes,8.2,6,Single,3,7,Yes
472,22,Male,Graduate,Denmark,2.5,Facebook,No,9.3,8,In Relationship,2,4,No
473,19,Female,Undergraduate,Ireland,3.4,Instagram,Yes,8.5,7,Single,3,6,Yes
474,21,Male,Graduate,India,7.3,WhatsApp,Yes,5.0,5,In Relationship,4,8,Yes
475,20,Female,Undergraduate,Switzerland,2.4,Instagram,No,9.4,8,Single,2,4,No
476,22,Male,Graduate,Turkey,4.0,TikTok,Yes,8.2,6,Single,3,7,Yes
477,19,Female,Undergraduate,USA,8.3,Instagram,Yes,4.0,5,In Relationship,4,9,Yes
478,21,Male,Graduate,Mexico,7.1,WhatsApp,Yes,5.1,6,Single,3,7,Yes
479,20,Female,Undergraduate,France,3.0,Instagram,No,9.0,7,In Relationship,2,5,No
480,22,Male,Graduate,Canada,3.8,TikTok,Yes,8.4,6,Single,3,7,Yes
481,19,Female,Undergraduate,Spain,3.6,Instagram,Yes,8.3,6,Single,3,7,Yes
482,21,Male,Graduate,Denmark,2.4,Facebook,No,9.4,8,In Relationship,2,4,No
483,20,Female,Undergraduate,Ireland,3.3,TikTok,Yes,8.6,7,Single,3,6,Yes
484,22,Male,Graduate,India,7.4,WhatsApp,Yes,4.9,5,In Relationship,4,8,Yes
485,19,Female,Undergraduate,Switzerland,2.3,Instagram,No,9.5,8,Single,2,4,No
486,21,Male,Graduate,Turkey,3.9,Instagram,Yes,8.3,6,Single,3,7,Yes
487,20,Female,Undergraduate,USA,8.4,TikTok,Yes,3.9,5,In Relationship,4,9,Yes
488,22,Male,Graduate,Mexico,7.2,WhatsApp,Yes,5.0,6,Single,3,7,Yes
489,19,Female,Undergraduate,France,2.9,Instagram,No,9.1,7,In Relationship,2,5,No
490,21,Male,Graduate,Canada,3.7,Instagram,Yes,8.5,6,Single,3,7,Yes
491,20,Female,Undergraduate,Spain,3.5,TikTok,Yes,8.4,6,Single,3,7,Yes
492,22,Male,Graduate,Denmark,2.3,Facebook,No,9.5,8,In Relationship,2,4,No
493,19,Female,Undergraduate,Ireland,3.2,Instagram,Yes,8.7,7,Single,3,6,Yes
494,21,Male,Graduate,India,7.5,WhatsApp,Yes,4.8,5,In Relationship,4,8,Yes
495,20,Female,Undergraduate,Switzerland,2.2,Instagram,No,9.6,8,Single,2,4,No
496,22,Male,Graduate,Turkey,3.8,TikTok,Yes,8.4,6,Single,3,7,Yes
497,19,Female,Undergraduate,USA,8.5,Instagram,Yes,3.8,5,In Relationship,4,9,Yes
498,21,Male,Graduate,Mexico,7.3,WhatsApp,Yes,4.9,6,Single,3,7,Yes
499,20,Female,Undergraduate,France,2.8,Instagram,No,9.2,7,In Relationship,2,5,No
500,22,Male,Graduate,Canada,3.6,TikTok,Yes,8.6,6,Single,3,7,Yes
501,19,Female,Undergraduate,Brazil,6.2,WhatsApp,Yes,6.3,6,Single,3,7,Yes
502,21,Male,Graduate,China,4.5,WeChat,No,7.8,7,In Relationship,2,5,No
503,20,Female,Undergraduate,Netherlands,3.8,Instagram,No,8.2,8,Single,2,4,No
504,22,Male,Graduate,New Zealand,4.7,Instagram,Yes,7.5,7,In Relationship,3,6,Yes
505,19,Female,Undergraduate,Singapore,5.1,TikTok,Yes,7.0,6,Single,3,7,Yes
506,21,Male,Graduate,Malaysia,5.5,WhatsApp,Yes,6.8,6,Single,3,7,Yes
507,20,Female,Undergraduate,UAE,6.5,Instagram,Yes,6.5,5,In Relationship,4,8,Yes
508,22,Male,Graduate,Poland,4.2,Facebook,No,7.9,7,Single,2,5,No
509,19,Female,Undergraduate,India,6.8,WhatsApp,Yes,6.0,5,In Relationship,4,8,Yes
510,21,Male,Graduate,Canada,4.8,Instagram,Yes,7.4,7,Single,3,6,Yes
511,20,Female,Undergraduate,Brazil,6.1,Instagram,Yes,6.4,6,Single,3,7,Yes
512,22,Male,Graduate,China,4.4,WeChat,No,7.9,7,In Relationship,2,5,No
513,19,Female,Undergraduate,Netherlands,3.7,TikTok,No,8.3,8,Single,2,4,No
514,21,Male,Graduate,New Zealand,4.6,Instagram,Yes,7.6,7,In Relationship,3,6,Yes
515,20,Female,Undergraduate,Singapore,5.2,TikTok,Yes,6.9,6,Single,3,7,Yes
516,22,Male,Graduate,Malaysia,5.6,WhatsApp,Yes,6.7,6,Single,3,7,Yes
517,19,Female,Undergraduate,UAE,6.6,Instagram,Yes,6.4,5,In Relationship,4,8,Yes
518,21,Male,Graduate,Poland,4.1,Facebook,No,8.0,7,Single,2,5,No
519,20,Female,Undergraduate,India,6.9,WhatsApp,Yes,5.9,5,In Relationship,4,8,Yes
520,22,Male,Graduate,Canada,4.7,TikTok,Yes,7.5,7,Single,3,6,Yes
521,19,Female,Undergraduate,Brazil,6.0,WhatsApp,Yes,6.5,6,Single,3,7,Yes
522,21,Male,Graduate,China,4.3,WeChat,No,8.0,7,In Relationship,2,5,No
523,20,Female,Undergraduate,Netherlands,3.6,Instagram,No,8.4,8,Single,2,4,No
524,22,Male,Graduate,New Zealand,4.5,Facebook,Yes,7.7,7,In Relationship,3,6,Yes
525,19,Female,Undergraduate,Singapore,5.3,TikTok,Yes,6.8,6,Single,3,7,Yes
526,21,Male,Graduate,Malaysia,5.7,WhatsApp,Yes,6.6,6,Single,3,7,Yes
527,20,Female,Undergraduate,UAE,6.7,Instagram,Yes,6.3,5,In Relationship,4,8,Yes
528,22,Male,Graduate,Poland,4.0,Facebook,No,8.1,7,Single,2,5,No
529,19,Female,Undergraduate,India,7.0,WhatsApp,Yes,5.8,5,In Relationship,4,8,Yes
530,21,Male,Graduate,Canada,4.6,Instagram,Yes,7.6,7,Single,3,6,Yes
531,20,Female,Undergraduate,Brazil,5.9,TikTok,Yes,6.6,6,Single,3,7,Yes
532,22,Male,Graduate,China,4.2,WeChat,No,8.1,7,In Relationship,2,5,No
533,19,Female,Undergraduate,Netherlands,3.5,Instagram,No,8.5,8,Single,2,4,No
534,21,Male,Graduate,New Zealand,4.4,Facebook,Yes,7.8,7,In Relationship,3,6,Yes
535,20,Female,Undergraduate,Singapore,5.4,TikTok,Yes,6.7,6,Single,3,7,Yes
536,22,Male,Graduate,Malaysia,5.8,WhatsApp,Yes,6.5,6,Single,3,7,Yes
537,19,Female,Undergraduate,UAE,6.8,Instagram,Yes,6.2,5,In Relationship,4,8,Yes
538,21,Male,Graduate,Poland,3.9,Facebook,No,8.2,7,Single,2,5,No
539,20,Female,Undergraduate,India,7.1,WhatsApp,Yes,5.7,5,In Relationship,4,8,Yes
540,22,Male,Graduate,Canada,4.5,TikTok,Yes,7.7,7,Single,3,6,Yes
541,19,Female,Undergraduate,Brazil,5.8,WhatsApp,Yes,6.7,6,Single,3,7,Yes
542,21,Male,Graduate,China,4.1,WeChat,No,8.2,7,In Relationship,2,5,No
543,20,Female,Undergraduate,Netherlands,3.4,Instagram,No,8.6,8,Single,2,4,No
544,22,Male,Graduate,New Zealand,4.3,Instagram,Yes,7.9,7,In Relationship,3,6,Yes
545,19,Female,Undergraduate,Singapore,5.5,TikTok,Yes,6.6,6,Single,3,7,Yes
546,21,Male,Graduate,Malaysia,5.9,WhatsApp,Yes,6.4,6,Single,3,7,Yes
547,20,Female,Undergraduate,UAE,6.9,Instagram,Yes,6.1,5,In Relationship,4,8,Yes
548,22,Male,Graduate,Poland,3.8,Facebook,No,8.3,7,Single,2,5,No
549,19,Female,Undergraduate,India,7.2,WhatsApp,Yes,5.6,5,In Relationship,4,8,Yes
550,21,Male,Graduate,Canada,4.4,Instagram,Yes,7.8,7,Single,3,6,Yes
551,20,Female,Undergraduate,Brazil,5.7,TikTok,Yes,6.8,6,Single,3,7,Yes
552,22,Male,Graduate,China,4.0,WeChat,No,8.3,7,In Relationship,2,5,No
553,19,Female,Undergraduate,Netherlands,3.3,Instagram,No,8.7,8,Single,2,4,No
554,21,Male,Graduate,New Zealand,4.2,Facebook,Yes,8.0,7,In Relationship,3,6,Yes
555,20,Female,Undergraduate,Singapore,5.6,TikTok,Yes,6.5,6,Single,3,7,Yes
556,22,Male,Graduate,Malaysia,6.0,WhatsApp,Yes,6.3,6,Single,3,7,Yes
557,19,Female,Undergraduate,UAE,7.0,Instagram,Yes,6.0,5,In Relationship,4,8,Yes
558,21,Male,Graduate,Poland,3.7,Facebook,No,8.4,7,Single,2,5,No
559,20,Female,Undergraduate,India,7.3,WhatsApp,Yes,5.5,5,In Relationship,4,8,Yes
560,22,Male,Graduate,Canada,4.3,TikTok,Yes,7.9,7,Single,3,6,Yes
561,19,Female,Undergraduate,Brazil,5.6,WhatsApp,Yes,6.9,6,Single,3,7,Yes
562,21,Male,Graduate,China,3.9,WeChat,No,8.4,7,In Relationship,2,5,No
563,20,Female,Undergraduate,Netherlands,3.2,Instagram,No,8.8,8,Single,2,4,No
564,22,Male,Graduate,New Zealand,4.1,Instagram,Yes,8.1,7,In Relationship,3,6,Yes
565,19,Female,Undergraduate,Singapore,5.7,TikTok,Yes,6.4,6,Single,3,7,Yes
566,21,Male,Graduate,Malaysia,6.1,WhatsApp,Yes,6.2,6,Single,3,7,Yes
567,20,Female,Undergraduate,UAE,7.1,Instagram,Yes,5.9,5,In Relationship,4,8,Yes
568,22,Male,Graduate,Poland,3.6,Facebook,No,8.5,7,Single,2,5,No
569,19,Female,Undergraduate,India,7.4,WhatsApp,Yes,5.4,5,In Relationship,4,8,Yes
570,21,Male,Graduate,Canada,4.2,Instagram,Yes,8.0,7,Single,3,6,Yes
571,20,Female,Undergraduate,Spain,6.1,Instagram,Yes,7.2,5,Single,4,7,Yes
572,23,Male,Graduate,Denmark,3.8,Twitter,No,7.8,8,In Relationship,2,4,No
573,19,Female,Undergraduate,Ireland,5.5,TikTok,Yes,6.8,6,Single,4,8,Yes
574,22,Male,Graduate,India,7.2,Facebook,Yes,5.9,4,Single,5,9,Yes
575,21,Female,Undergraduate,Switzerland,4.2,Instagram,No,7.5,7,In Relationship,2,5,No
576,24,Male,Graduate,Turkey,6.8,TikTok,Yes,6.2,5,Single,4,8,Yes
577,20,Female,Undergraduate,USA,5.9,Instagram,Yes,6.7,6,In Relationship,3,7,Yes
578,22,Male,Graduate,Mexico,6.5,Facebook,Yes,6.1,5,Single,4,8,Yes
579,19,Female,Undergraduate,France,4.7,Twitter,No,7.4,7,Single,2,5,No
580,23,Male,Graduate,Canada,5.2,Instagram,Yes,7.0,6,In Relationship,3,6,Yes
581,21,Female,Undergraduate,UK,6.3,TikTok,Yes,6.4,5,Single,4,8,Yes
582,24,Male,Graduate,Italy,4.9,Facebook,No,7.3,7,In Relationship,2,5,No
583,20,Female,Undergraduate,Russia,6.7,Instagram,Yes,6.0,5,Single,4,8,Yes
584,22,Male,Graduate,China,5.8,WeChat,Yes,6.5,6,In Relationship,3,7,Yes
585,19,Female,Undergraduate,Japan,4.5,Twitter,No,7.6,8,Single,2,4,No
586,23,Male,Graduate,Poland,6.4,Facebook,Yes,6.3,5,Single,4,8,Yes
587,21,Female,Undergraduate,Finland,4.1,Instagram,No,7.7,7,In Relationship,2,5,No
588,24,Male,Graduate,Spain,6.6,TikTok,Yes,6.2,5,Single,4,8,Yes
589,20,Female,Undergraduate,Denmark,4.4,Instagram,No,7.4,7,In Relationship,2,5,No
590,22,Male,Graduate,Ireland,5.7,Twitter,Yes,6.8,6,Single,3,7,Yes
591,19,Female,Undergraduate,India,7.0,Instagram,Yes,5.8,4,Single,5,9,Yes
592,23,Male,Graduate,Switzerland,4.3,Facebook,No,7.5,7,In Relationship,2,5,No
593,21,Female,Undergraduate,Turkey,6.9,TikTok,Yes,6.1,5,Single,4,8,Yes
594,24,Male,Graduate,USA,5.6,Instagram,Yes,6.9,6,In Relationship,3,7,Yes
595,20,Female,Undergraduate,Mexico,6.2,Facebook,Yes,6.3,5,Single,4,8,Yes
596,21,Male,Undergraduate,France,5.8,Instagram,Yes,6.7,6,Single,3,7,Yes
597,23,Female,Graduate,Canada,4.9,TikTok,No,7.3,7,In Relationship,2,5,No
598,20,Male,Undergraduate,UK,6.4,Facebook,Yes,6.2,5,Single,4,8,Yes
599,22,Female,Graduate,Italy,5.1,Twitter,No,7.1,7,In Relationship,2,5,No
600,19,Male,Undergraduate,Russia,6.7,Instagram,Yes,6.0,4,Single,4,8,Yes
601,24,Female,Graduate,China,5.5,WeChat,Yes,6.8,6,In Relationship,3,7,Yes
602,21,Male,Undergraduate,Japan,4.3,Twitter,No,7.6,8,Single,2,4,No
603,23,Female,Graduate,Poland,6.2,Instagram,Yes,6.4,5,Single,4,8,Yes
604,20,Male,Undergraduate,Finland,4.5,Facebook,No,7.4,7,In Relationship,2,5,No
605,22,Female,Graduate,Spain,6.3,TikTok,Yes,6.3,5,Single,4,8,Yes
606,19,Male,Undergraduate,Denmark,4.7,Instagram,No,7.2,7,In Relationship,2,5,No
607,24,Female,Graduate,Ireland,5.9,Twitter,Yes,6.6,6,Single,3,7,Yes
608,21,Male,Undergraduate,India,7.1,Facebook,Yes,5.7,4,Single,5,9,Yes
609,23,Female,Graduate,Switzerland,4.4,Instagram,No,7.4,7,In Relationship,2,5,No
610,20,Male,Undergraduate,Turkey,6.6,TikTok,Yes,6.2,5,Single,4,8,Yes
611,22,Female,Graduate,USA,5.4,Instagram,Yes,6.9,6,In Relationship,3,7,Yes
612,19,Male,Undergraduate,Mexico,6.5,Facebook,Yes,6.1,5,Single,4,8,Yes
613,24,Female,Graduate,France,4.8,Twitter,No,7.3,7,In Relationship,2,5,No
614,21,Male,Undergraduate,Canada,5.7,Instagram,Yes,6.7,6,Single,3,7,Yes
615,23,Female,Graduate,UK,6.1,TikTok,Yes,6.4,5,Single,4,8,Yes
616,20,Male,Undergraduate,Italy,4.6,Facebook,No,7.2,7,In Relationship,2,5,No
617,22,Female,Graduate,Russia,6.8,Instagram,Yes,5.9,4,Single,5,9,Yes
618,19,Male,Undergraduate,China,5.6,WeChat,Yes,6.8,6,In Relationship,3,7,Yes
619,24,Female,Graduate,Japan,4.2,Twitter,No,7.5,8,Single,2,4,No
620,21,Male,Undergraduate,Poland,6.3,TikTok,Yes,6.3,5,Single,4,8,Yes
621,23,Female,Graduate,Finland,4.4,Instagram,No,7.4,7,In Relationship,2,5,No
622,20,Male,Undergraduate,Spain,6.5,Facebook,Yes,6.2,5,Single,4,8,Yes
623,22,Female,Graduate,Denmark,4.6,Twitter,No,7.3,7,In Relationship,2,5,No
624,19,Male,Undergraduate,Ireland,5.8,Instagram,Yes,6.6,6,Single,3,7,Yes
625,24,Female,Graduate,India,7.0,TikTok,Yes,5.8,4,Single,5,9,Yes
626,21,Male,Undergraduate,Switzerland,4.5,Facebook,No,7.3,7,In Relationship,2,5,No
627,23,Female,Graduate,Turkey,6.7,Instagram,Yes,6.1,5,Single,4,8,Yes
628,20,Male,Undergraduate,USA,5.5,Twitter,Yes,6.8,6,In Relationship,3,7,Yes
629,22,Female,Graduate,Mexico,6.4,Facebook,Yes,6.2,5,Single,4,8,Yes
630,19,Male,Undergraduate,France,4.7,Instagram,No,7.2,7,In Relationship,2,5,No
631,24,Female,Graduate,Canada,5.6,TikTok,Yes,6.7,6,Single,3,7,Yes
632,21,Male,Undergraduate,UK,6.2,Facebook,Yes,6.3,5,Single,4,8,Yes
633,23,Female,Graduate,Italy,4.8,Twitter,No,7.1,7,In Relationship,2,5,No
634,20,Male,Undergraduate,Russia,6.9,Instagram,Yes,5.9,4,Single,5,9,Yes
635,22,Female,Graduate,China,5.7,WeChat,Yes,6.7,6,In Relationship,3,7,Yes
636,19,Male,Undergraduate,Japan,4.4,Twitter,No,7.4,8,Single,2,4,No
637,24,Female,Graduate,Poland,6.1,TikTok,Yes,6.4,5,Single,4,8,Yes
638,21,Male,Undergraduate,Finland,4.3,Instagram,No,7.5,7,In Relationship,2,5,No
639,23,Female,Graduate,Spain,6.4,Facebook,Yes,6.2,5,Single,4,8,Yes
640,20,Male,Undergraduate,Denmark,4.5,Twitter,No,7.3,7,In Relationship,2,5,No
641,22,Female,Graduate,Ireland,5.9,Instagram,Yes,6.5,6,Single,3,7,Yes
642,19,Male,Undergraduate,India,7.2,TikTok,Yes,5.7,4,Single,5,9,Yes
643,24,Female,Graduate,Switzerland,4.6,Facebook,No,7.2,7,In Relationship,2,5,No
644,21,Male,Undergraduate,Turkey,6.8,Instagram,Yes,6.0,5,Single,4,8,Yes
645,23,Female,Graduate,USA,5.3,Twitter,Yes,6.8,6,In Relationship,3,7,Yes
646,22,Male,Graduate,Mexico,6.3,Facebook,Yes,6.2,5,Single,4,8,Yes
647,20,Female,Undergraduate,France,4.8,Instagram,No,7.1,7,In Relationship,2,5,No
648,23,Male,Graduate,Canada,5.7,TikTok,Yes,6.6,6,Single,3,7,Yes
649,21,Female,Undergraduate,UK,6.2,Twitter,Yes,6.3,5,Single,4,8,Yes
650,24,Male,Graduate,Italy,4.7,Facebook,No,7.2,7,In Relationship,2,5,No
651,19,Female,Undergraduate,Russia,6.8,Instagram,Yes,5.9,4,Single,5,9,Yes
652,22,Male,Graduate,China,5.6,WeChat,Yes,6.7,6,In Relationship,3,7,Yes
653,20,Female,Undergraduate,Japan,4.3,Twitter,No,7.5,8,Single,2,4,No
654,23,Male,Graduate,Poland,6.2,TikTok,Yes,6.3,5,Single,4,8,Yes
655,21,Female,Undergraduate,Finland,4.4,Instagram,No,7.4,7,In Relationship,2,5,No
656,24,Male,Graduate,Spain,6.5,Facebook,Yes,6.1,5,Single,4,8,Yes
657,19,Female,Undergraduate,Denmark,4.6,Twitter,No,7.3,7,In Relationship,2,5,No
658,22,Male,Graduate,Ireland,5.8,Instagram,Yes,6.6,6,Single,3,7,Yes
659,20,Female,Undergraduate,India,7.1,TikTok,Yes,5.8,4,Single,5,9,Yes
660,23,Male,Graduate,Switzerland,4.5,Facebook,No,7.3,7,In Relationship,2,5,No
661,21,Female,Undergraduate,Turkey,6.7,Instagram,Yes,6.0,5,Single,4,8,Yes
662,24,Male,Graduate,USA,5.4,Twitter,Yes,6.8,6,In Relationship,3,7,Yes
663,19,Female,Undergraduate,Mexico,6.4,TikTok,Yes,6.2,5,Single,4,8,Yes
664,22,Male,Graduate,France,4.7,Facebook,No,7.2,7,In Relationship,2,5,No
665,20,Female,Undergraduate,Canada,5.6,Instagram,Yes,6.7,6,Single,3,7,Yes
666,23,Male,Graduate,UK,6.3,Twitter,Yes,6.2,5,Single,4,8,Yes
667,21,Female,Undergraduate,Italy,4.8,TikTok,No,7.1,7,In Relationship,2,5,No
668,24,Male,Graduate,Russia,6.9,Instagram,Yes,5.9,4,Single,5,9,Yes
669,19,Female,Undergraduate,China,5.7,WeChat,Yes,6.7,6,In Relationship,3,7,Yes
670,22,Male,Graduate,Japan,4.4,Twitter,No,7.4,8,Single,2,4,No
671,20,Female,Undergraduate,Poland,6.1,Facebook,Yes,6.4,5,Single,4,8,Yes
672,23,Male,Graduate,Finland,4.3,Instagram,No,7.5,7,In Relationship,2,5,No
673,21,Female,Undergraduate,Spain,6.4,TikTok,Yes,6.2,5,Single,4,8,Yes
674,24,Male,Graduate,Denmark,4.5,Twitter,No,7.3,7,In Relationship,2,5,No
675,19,Female,Undergraduate,Ireland,5.9,Instagram,Yes,6.5,6,Single,3,7,Yes
676,22,Male,Graduate,India,7.2,Facebook,Yes,5.7,4,Single,5,9,Yes
677,20,Female,Undergraduate,Switzerland,4.6,TikTok,No,7.2,7,In Relationship,2,5,No
678,23,Male,Graduate,Turkey,6.8,Instagram,Yes,6.0,5,Single,4,8,Yes
679,21,Female,Undergraduate,USA,5.3,Twitter,Yes,6.8,6,In Relationship,3,7,Yes
680,24,Male,Graduate,Mexico,6.2,Facebook,Yes,6.3,5,Single,4,8,Yes
681,19,Female,Undergraduate,France,4.7,Instagram,No,7.2,7,In Relationship,2,5,No
682,22,Male,Graduate,Canada,5.8,TikTok,Yes,6.6,6,Single,3,7,Yes
683,20,Female,Undergraduate,UK,6.1,Twitter,Yes,6.4,5,Single,4,8,Yes
684,23,Male,Graduate,Italy,4.8,Facebook,No,7.1,7,In Relationship,2,5,No
685,21,Female,Undergraduate,Russia,6.7,Instagram,Yes,6.0,4,Single,5,9,Yes
686,24,Male,Graduate,China,5.5,WeChat,Yes,6.8,6,In Relationship,3,7,Yes
687,19,Female,Undergraduate,Japan,4.2,Twitter,No,7.5,8,Single,2,4,No
688,22,Male,Graduate,Poland,6.3,TikTok,Yes,6.2,5,Single,4,8,Yes
689,20,Female,Undergraduate,Finland,4.4,Instagram,No,7.4,7,In Relationship,2,5,No
690,23,Male,Graduate,Spain,6.5,Facebook,Yes,6.1,5,Single,4,8,Yes
691,21,Female,Undergraduate,Denmark,4.6,Twitter,No,7.3,7,In Relationship,2,5,No
692,24,Male,Graduate,Ireland,5.9,Instagram,Yes,6.5,6,Single,3,7,Yes
693,19,Female,Undergraduate,India,7.0,TikTok,Yes,5.8,4,Single,5,9,Yes
694,22,Male,Graduate,Switzerland,4.5,Facebook,No,7.3,7,In Relationship,2,5,No
695,20,Female,Undergraduate,Turkey,6.6,Instagram,Yes,6.1,5,Single,4,8,Yes
696,23,Male,Graduate,USA,5.5,Twitter,Yes,6.7,6,In Relationship,3,7,Yes
697,21,Female,Undergraduate,Mexico,6.3,TikTok,Yes,6.2,5,Single,4,8,Yes
698,24,Male,Graduate,France,4.8,Facebook,No,7.1,7,In Relationship,2,5,No
699,19,Female,Undergraduate,Canada,5.7,Instagram,Yes,6.6,6,Single,3,7,Yes
700,22,Male,Graduate,UK,6.2,Twitter,Yes,6.3,5,Single,4,8,Yes
701,20,Female,Undergraduate,Italy,4.7,TikTok,No,7.2,7,In Relationship,2,5,No
702,23,Male,Graduate,Russia,6.8,Instagram,Yes,5.9,4,Single,5,9,Yes
703,21,Female,Undergraduate,China,5.6,WeChat,Yes,6.7,6,In Relationship,3,7,Yes
704,24,Male,Graduate,Japan,4.3,Twitter,No,7.5,8,Single,2,4,No
705,19,Female,Undergraduate,Poland,6.2,Facebook,Yes,6.3,5,Single,4,8,Yes
